Title,Favourites,Comments, Link
TD Sander's Bucks vs Carrie's Magics,20,1,https://www.deviantart.com/gordon003/art/TD-Sander-s-Bucks-vs-Carrie-s-Magics-853779604
TD Bridgette's Heats vs Eva's Pacers,38,3,https://www.deviantart.com/gordon003/art/TD-Bridgette-s-Heats-vs-Eva-s-Pacers-853517036
Heather as Kitana from Mortal Kombat,84,2,https://www.deviantart.com/gordon003/art/Heather-as-Kitana-from-Mortal-Kombat-853410352
TD Sky's Celtics vs Zoey's 76ers,45,7,https://www.deviantart.com/gordon003/art/TD-Sky-s-Celtics-vs-Zoey-s-76ers-853184130
TD Beth's Raptors vs Heather's Nets,49,10,https://www.deviantart.com/gordon003/art/TD-Beth-s-Raptors-vs-Heather-s-Nets-853003655
Carrie Possessed (Vector),31,4,https://www.deviantart.com/gordon003/art/Carrie-Possessed-Vector-851468299
Smexy Zoey (Vector),62,8,https://www.deviantart.com/gordon003/art/Smexy-Zoey-Vector-851357718
Leshawna in Courtney Outfit (Vector),52,10,https://www.deviantart.com/gordon003/art/Leshawna-in-Courtney-Outfit-Vector-850780628
Kitty in China,88,14,https://www.deviantart.com/gordon003/art/Kitty-in-China-850615701
Dawn in Courtney Outfit (Vector),81,10,https://www.deviantart.com/gordon003/art/Dawn-in-Courtney-Outfit-Vector-849950214
TD Zoey and Courtney in Miami (Work),100,19,https://www.deviantart.com/gordon003/art/TD-Zoey-and-Courtney-in-Miami-Work-848493747
AleGwen with her Animal Crossing Friend (Birthday),18,4,https://www.deviantart.com/gordon003/art/AleGwen-with-her-Animal-Crossing-Friend-Birthday-847857218
Veronica Formal Dress Red Carpet (Gift),46,4,https://www.deviantart.com/gordon003/art/Veronica-Formal-Dress-Red-Carpet-Gift-847209701
Kill Alejandro Comic Cover,35,2,https://www.deviantart.com/gordon003/art/Kill-Alejandro-Comic-Cover-844779187
Total Drama Fear Factor Comic Page 3 (Comm),28,4,https://www.deviantart.com/gordon003/art/Total-Drama-Fear-Factor-Comic-Page-3-Comm-844658346
Anne Maria Tiger Back Bikini Pose (Vector),92,3,https://www.deviantart.com/gordon003/art/Anne-Maria-Tiger-Back-Bikini-Pose-Vector-843910706
Total Drama Fear Factor Comic Page 2 (Comm),46,4,https://www.deviantart.com/gordon003/art/Total-Drama-Fear-Factor-Comic-Page-2-Comm-843793499
Star Wars Zoey Background Screen,86,14,https://www.deviantart.com/gordon003/art/Star-Wars-Zoey-Background-Screen-843095262
Dakota as Mai Shiranui 2 (Vector),88,2,https://www.deviantart.com/gordon003/art/Dakota-as-Mai-Shiranui-2-Vector-839445009
Total Drama Fear Factor Comic Page 1 (Comm),48,6,https://www.deviantart.com/gordon003/art/Total-Drama-Fear-Factor-Comic-Page-1-Comm-839418266
Kill Chris 2 Movie Poster,76,9,https://www.deviantart.com/gordon003/art/Kill-Chris-2-Movie-Poster-838164667
Kill Chris Movie Poster,89,14,https://www.deviantart.com/gordon003/art/Kill-Chris-Movie-Poster-837915239
Dakota Sit Pose 1 (Vector),120,8,https://www.deviantart.com/gordon003/art/Dakota-Sit-Pose-1-Vector-836326560
Carrie Bikini Back Pose 2 (Vector),79,9,https://www.deviantart.com/gordon003/art/Carrie-Bikini-Back-Pose-2-Vector-835610453
Akira Birthday Girl + Car (Gift),31,1,https://www.deviantart.com/gordon003/art/Akira-Birthday-Girl-Car-Gift-835238576
TD Jaguar F-Type Convertible (Vector),20,1,https://www.deviantart.com/gordon003/art/TD-Jaguar-F-Type-Convertible-Vector-835075628
TD 1971 Ford Mustang Mach 1 (Vector),31,8,https://www.deviantart.com/gordon003/art/TD-1971-Ford-Mustang-Mach-1-Vector-834726100
Ruby and Gray in Hawaii (Commission),45,11,https://www.deviantart.com/gordon003/art/Ruby-and-Gray-in-Hawaii-Commission-833547546
Anne Maria Formal Dress (Remake),90,11,https://www.deviantart.com/gordon003/art/Anne-Maria-Formal-Dress-Remake-832266089
My 2018 Interview with Allie (Youtube Video),20,4,https://www.deviantart.com/gordon003/art/My-2018-Interview-with-Allie-Youtube-Video-831919999
TD OC Yulian (Present),50,7,https://www.deviantart.com/gordon003/art/TD-OC-Yulian-Present-831185851
TD OC Jenny (Present),49,1,https://www.deviantart.com/gordon003/art/TD-OC-Jenny-Present-831185531
Mystere to Heather (Gif Work),92,8,https://www.deviantart.com/gordon003/art/Mystere-to-Heather-Gif-Work-830648978
TD Superhero: Mystere (OC),40,4,https://www.deviantart.com/gordon003/art/TD-Superhero-Mystere-OC-830528619
Bridgette in Courtney Outfit (Vector),101,12,https://www.deviantart.com/gordon003/art/Bridgette-in-Courtney-Outfit-Vector-830401441
Sky in Courtney Outfit (Vector),144,11,https://www.deviantart.com/gordon003/art/Sky-in-Courtney-Outfit-Vector-830290892
TD Shopping Out (Comm),98,10,https://www.deviantart.com/gordon003/art/TD-Shopping-Out-Comm-830183323
Heather in Courtney Outfit (Vector),147,9,https://www.deviantart.com/gordon003/art/Heather-in-Courtney-Outfit-Vector-829274140
Carrie in Courtney Outfit (Vector),85,8,https://www.deviantart.com/gordon003/art/Carrie-in-Courtney-Outfit-Vector-828595845
Taylor in Courtney Outfit (Vector),127,10,https://www.deviantart.com/gordon003/art/Taylor-in-Courtney-Outfit-Vector-828595744
Gwen in Courtney Outfit (Vector),192,20,https://www.deviantart.com/gordon003/art/Gwen-in-Courtney-Outfit-Vector-828381551
Katie in Courtney Outfit (Vector),183,15,https://www.deviantart.com/gordon003/art/Katie-in-Courtney-Outfit-Vector-828260789
Emma in Different Outfit (Vector),131,9,https://www.deviantart.com/gordon003/art/Emma-in-Different-Outfit-Vector-828233065
Lindsay in Different Outfit (Vector),299,20,https://www.deviantart.com/gordon003/art/Lindsay-in-Different-Outfit-Vector-828150760
B x Duncan Love Art,26,3,https://www.deviantart.com/gordon003/art/B-x-Duncan-Love-Art-828086477
Anne Maria in Courtney Outfit (Vector),138,11,https://www.deviantart.com/gordon003/art/Anne-Maria-in-Courtney-Outfit-Vector-827601872
Sleeping Jo (Vector),45,3,https://www.deviantart.com/gordon003/art/Sleeping-Jo-Vector-826822882
My TD/RR Characters Drawing Tier List,10,8,https://www.deviantart.com/gordon003/art/My-TD-RR-Characters-Drawing-Tier-List-826436804
My TD/RR Characters Tier List,16,16,https://www.deviantart.com/gordon003/art/My-TD-RR-Characters-Tier-List-826435076
Gordon's 2019 Art Summary,15,7,https://www.deviantart.com/gordon003/art/Gordon-s-2019-Art-Summary-825257364
Bridgette Ferrari California (Commission),82,5,https://www.deviantart.com/gordon003/art/Bridgette-Ferrari-California-Commission-824839301
TD OC Kona Christmas (Commission),62,8,https://www.deviantart.com/gordon003/art/TD-OC-Kona-Christmas-Commission-824419975
Gwen as Green Elf (Commission),150,12,https://www.deviantart.com/gordon003/art/Gwen-as-Green-Elf-Commission-823998207
Zoey as Christmas Angel (Commission),157,14,https://www.deviantart.com/gordon003/art/Zoey-as-Christmas-Angel-Commission-823990186
TD Superhero Comic Page 5/5 (Commission),12,3,https://www.deviantart.com/gordon003/art/TD-Superhero-Comic-Page-5-5-Commission-823744115
TD Superhero Comic Page 4/5 (Commission),12,1,https://www.deviantart.com/gordon003/art/TD-Superhero-Comic-Page-4-5-Commission-823744024
TD Superhero Comic Page 3/5 (Commission),14,1,https://www.deviantart.com/gordon003/art/TD-Superhero-Comic-Page-3-5-Commission-823743957
TD Superhero Comic Page 2/5 (Commission),14,1,https://www.deviantart.com/gordon003/art/TD-Superhero-Comic-Page-2-5-Commission-823743890
TD Superhero Comic Page 1/5 (Commission),12,6,https://www.deviantart.com/gordon003/art/TD-Superhero-Comic-Page-1-5-Commission-823743705
Courtney Crouch Pose,29,2,https://www.deviantart.com/gordon003/art/Courtney-Crouch-Pose-822947033
Courtney Fight Walking Animation (Updated),15,5,https://www.deviantart.com/gordon003/art/Courtney-Fight-Walking-Animation-Updated-821503245
Basic Courtney Kick Animation,22,11,https://www.deviantart.com/gordon003/art/Basic-Courtney-Kick-Animation-821487716
Basic Courtney Punch Animation,49,22,https://www.deviantart.com/gordon003/art/Basic-Courtney-Punch-Animation-821094358
Dakota Hawks NBA 2K20 Card,68,9,https://www.deviantart.com/gordon003/art/Dakota-Hawks-NBA-2K20-Card-815692385
Zoey Rockets Custom NBA 2K20 Card (Version 2),42,2,https://www.deviantart.com/gordon003/art/Zoey-Rockets-Custom-NBA-2K20-Card-Version-2-815178531
Zoey Rockets Custom NBA 2K20 Card,96,12,https://www.deviantart.com/gordon003/art/Zoey-Rockets-Custom-NBA-2K20-Card-814599178
Dakota as Mai Shiruanui (Vector),91,12,https://www.deviantart.com/gordon003/art/Dakota-as-Mai-Shiruanui-Vector-811888825
Just listen to this... (Commission),109,18,https://www.deviantart.com/gordon003/art/Just-listen-to-this-Commission-799084260
TD Chrysler ME 412 (Comm),21,6,https://www.deviantart.com/gordon003/art/TD-Chrysler-ME-412-Comm-795389431
Emeline OC Pose 1(Comm),34,1,https://www.deviantart.com/gordon003/art/Emeline-OC-Pose-1-Comm-794915596
TD Dawn (Comm),104,12,https://www.deviantart.com/gordon003/art/TD-Dawn-Comm-794915102
Emeline OC (Comm),29,2,https://www.deviantart.com/gordon003/art/Emeline-OC-Comm-794914534
TD Rolls Royce Phantom (Comm),20,3,https://www.deviantart.com/gordon003/art/TD-Rolls-Royce-Phantom-Comm-790864743
TD OC Pung Yu (Comm),21,4,https://www.deviantart.com/gordon003/art/TD-OC-Pung-Yu-Comm-790115327
TD OC Win Bo (Comm),37,7,https://www.deviantart.com/gordon003/art/TD-OC-Win-Bo-Comm-789744747
Brick x FogFra War Love (Present),68,10,https://www.deviantart.com/gordon003/art/Brick-x-FogFra-War-Love-Present-789000759
TD Courtney Vs. Zoey- Who's Thiccker? (Comm),178,26,https://www.deviantart.com/gordon003/art/TD-Courtney-Vs-Zoey-Who-s-Thiccker-Comm-788715381
Heather vs Zoey + Gwen (Comm),130,24,https://www.deviantart.com/gordon003/art/Heather-vs-Zoey-Gwen-Comm-787511614
TD Aston Marin DB9 (Vector),19,5,https://www.deviantart.com/gordon003/art/TD-Aston-Marin-DB9-Vector-787253784
Courtney Aston Martin Drive (Gift),84,16,https://www.deviantart.com/gordon003/art/Courtney-Aston-Martin-Drive-Gift-786555014
TD OC Warren (Comm),13,5,https://www.deviantart.com/gordon003/art/TD-OC-Warren-Comm-786250760
Noah x Emma Valentine Quick Pic,108,23,https://www.deviantart.com/gordon003/art/Noah-x-Emma-Valentine-Quick-Pic-785513263
TD OC Jin + Kiki + Veronica (Comm),19,3,https://www.deviantart.com/gordon003/art/TD-OC-Jin-Kiki-Veronica-Comm-784134073
TD Aladdin Dance Scene (Comm),175,18,https://www.deviantart.com/gordon003/art/TD-Aladdin-Dance-Scene-Comm-783912784
Dakota GTA 5 Cover,167,15,https://www.deviantart.com/gordon003/art/Dakota-GTA-5-Cover-782519431
TD Brick Soldier (Comm),65,33,https://www.deviantart.com/gordon003/art/TD-Brick-Soldier-Comm-781843433
TD OC Veronika Orlov (Commission),38,7,https://www.deviantart.com/gordon003/art/TD-OC-Veronika-Orlov-Commission-781471442
Devin + Scott Aladdin (NSFW Comm),29,8,https://www.deviantart.com/gordon003/art/Devin-Scott-Aladdin-NSFW-Comm-781275719
Carrie Hot Pose 3 (Vector),137,24,https://www.deviantart.com/gordon003/art/Carrie-Hot-Pose-3-Vector-778967595
Anne Maria Zebra Dress (Commission),74,12,https://www.deviantart.com/gordon003/art/Anne-Maria-Zebra-Dress-Commission-778788814
Gwen + Zoey Winter Outfit (Commission),204,18,https://www.deviantart.com/gordon003/art/Gwen-Zoey-Winter-Outfit-Commission-778420273
Gordon's 2018 Art Summary,28,9,https://www.deviantart.com/gordon003/art/Gordon-s-2018-Art-Summary-778342916
Courtney + Tom (NSFW Commission),21,5,https://www.deviantart.com/gordon003/art/Courtney-Tom-NSFW-Commission-778278834
Drowned Ophelia OC (Commission),21,6,https://www.deviantart.com/gordon003/art/Drowned-Ophelia-OC-Commission-777713141
Ophelia OC (Commission),34,5,https://www.deviantart.com/gordon003/art/Ophelia-OC-Commission-777170811
Lindsay NBA (Vector),125,5,https://www.deviantart.com/gordon003/art/Lindsay-NBA-Vector-776991621
Jasmine NBA (Vector),70,2,https://www.deviantart.com/gordon003/art/Jasmine-NBA-Vector-776991502
Taylor NBA (Vector),76,3,https://www.deviantart.com/gordon003/art/Taylor-NBA-Vector-776991383
Anne Maria NBA (Vector),71,3,https://www.deviantart.com/gordon003/art/Anne-Maria-NBA-Vector-776991227
Heather NBA (Vector),74,2,https://www.deviantart.com/gordon003/art/Heather-NBA-Vector-776991052
Sky NBA (Vector),82,7,https://www.deviantart.com/gordon003/art/Sky-NBA-Vector-776990889
Sanders NBA (Vector),42,2,https://www.deviantart.com/gordon003/art/Sanders-NBA-Vector-776990573
Carrie NBA (Vector),53,2,https://www.deviantart.com/gordon003/art/Carrie-NBA-Vector-776990157
Gwen NBA (Vector),157,5,https://www.deviantart.com/gordon003/art/Gwen-NBA-Vector-776989816
Dawn NBA (Vector),124,9,https://www.deviantart.com/gordon003/art/Dawn-NBA-Vector-776989539
TD NBA Poster - Gordon003 vs Imfamous E,86,21,https://www.deviantart.com/gordon003/art/TD-NBA-Poster-Gordon003-vs-Imfamous-E-776983748
Lindsay Hornets NBA 2K19 Card,205,18,https://www.deviantart.com/gordon003/art/Lindsay-Hornets-NBA-2K19-Card-776889639
Jasmine Spurs NBA2K19 Card,76,17,https://www.deviantart.com/gordon003/art/Jasmine-Spurs-NBA2K19-Card-776244736
Christmas Date (Commission),71,10,https://www.deviantart.com/gordon003/art/Christmas-Date-Commission-775999327
Taylor Lakers NBA 2K19 Card,83,22,https://www.deviantart.com/gordon003/art/Taylor-Lakers-NBA-2K19-Card-775721486
Kitty + Kenzo Nissan 330zx (Commission),15,6,https://www.deviantart.com/gordon003/art/Kitty-Kenzo-Nissan-330zx-Commission-775710148
Yakito + His Toyota Supras (Commission),17,16,https://www.deviantart.com/gordon003/art/Yakito-His-Toyota-Supras-Commission-775445449
Anne Maria Knicks NBA 2K19 Card,72,8,https://www.deviantart.com/gordon003/art/Anne-Maria-Knicks-NBA-2K19-Card-774844994
Heather Bulls NBA 2K19 Card,111,8,https://www.deviantart.com/gordon003/art/Heather-Bulls-NBA-2K19-Card-774710226
Sky Celtics NBA 2K19 Card,118,15,https://www.deviantart.com/gordon003/art/Sky-Celtics-NBA-2K19-Card-774577956
Sanders Bucks NBA 2K19 Card,79,10,https://www.deviantart.com/gordon003/art/Sanders-Bucks-NBA-2K19-Card-774309588
Carrie Magics NBA2K19 Card (V2),75,8,https://www.deviantart.com/gordon003/art/Carrie-Magics-NBA2K19-Card-V2-774182831
Gwen 76ers NBA 2K19 Card,145,20,https://www.deviantart.com/gordon003/art/Gwen-76ers-NBA-2K19-Card-774053669
Dawn TimberWolves NBA 2K19 Card (V2),120,21,https://www.deviantart.com/gordon003/art/Dawn-TimberWolves-NBA-2K19-Card-V2-773902137
TD Beach Night Date (Commission),120,8,https://www.deviantart.com/gordon003/art/TD-Beach-Night-Date-Commission-773763368
Chloe (OC),40,8,https://www.deviantart.com/gordon003/art/Chloe-OC-773569880
Leshawna Nuggets NBA 2K19 Card,121,11,https://www.deviantart.com/gordon003/art/Leshawna-Nuggets-NBA-2K19-Card-773376092
Anne Maria's Lamborghini Countach,60,6,https://www.deviantart.com/gordon003/art/Anne-Maria-s-Lamborghini-Countach-772153702
TD Lamborghini Countach (Vector),29,5,https://www.deviantart.com/gordon003/art/TD-Lamborghini-Countach-Vector-772142046
Scared Lindsay (Commission),74,6,https://www.deviantart.com/gordon003/art/Scared-Lindsay-Commission-771199604
Damien + Jen (NSFW Commission),51,9,https://www.deviantart.com/gordon003/art/Damien-Jen-NSFW-Commission-770898576
Gwen as Elvira (Halloween Sequel),178,9,https://www.deviantart.com/gordon003/art/Gwen-as-Elvira-Halloween-Sequel-770627381
Goth Carrie (Commission),150,21,https://www.deviantart.com/gordon003/art/Goth-Carrie-Commission-770480793
TD Characters Display Car (Part 1),97,11,https://www.deviantart.com/gordon003/art/TD-Characters-Display-Car-Part-1-770171035
Carrie's Mazda MX-5 (Bikini),62,6,https://www.deviantart.com/gordon003/art/Carrie-s-Mazda-MX-5-Bikini-770047746
Carrie's Mazda MX-5 (Normal),41,3,https://www.deviantart.com/gordon003/art/Carrie-s-Mazda-MX-5-Normal-770047592
Taylor's Ferrari 458 (Bikini),76,9,https://www.deviantart.com/gordon003/art/Taylor-s-Ferrari-458-Bikini-769782205
Taylor's Ferrari 458 (Normal),40,4,https://www.deviantart.com/gordon003/art/Taylor-s-Ferrari-458-Normal-769782020
TD Ferrari 458 (Vector),21,5,https://www.deviantart.com/gordon003/art/TD-Ferrari-458-Vector-769711072
Stalker - TD Comic,61,8,https://www.deviantart.com/gordon003/art/Stalker-TD-Comic-767322475
Dawn TimberWolves NBA 2K19 Card,134,9,https://www.deviantart.com/gordon003/art/Dawn-TimberWolves-NBA-2K19-Card-766025855
Carrie Magic NBA2K19 Card,64,6,https://www.deviantart.com/gordon003/art/Carrie-Magic-NBA2K19-Card-765993552
Samey Jazz NBA2K19 Card,87,7,https://www.deviantart.com/gordon003/art/Samey-Jazz-NBA2K19-Card-765993282
TD Beach Pose (Commission),159,17,https://www.deviantart.com/gordon003/art/TD-Beach-Pose-Commission-765896178
My TD NBA Starting 5 lineup,28,6,https://www.deviantart.com/gordon003/art/My-TD-NBA-Starting-5-lineup-762968003
Courtney Cavaliers NBA2K18 Card,111,15,https://www.deviantart.com/gordon003/art/Courtney-Cavaliers-NBA2K18-Card-762966096
Kimberly OC (Commission),39,9,https://www.deviantart.com/gordon003/art/Kimberly-OC-Commission-762635444
Jasmine Spurs NBA2K18 Card,108,15,https://www.deviantart.com/gordon003/art/Jasmine-Spurs-NBA2K18-Card-762415578
Dawn TimberWolves NBA 2K18 Card,98,9,https://www.deviantart.com/gordon003/art/Dawn-TimberWolves-NBA-2K18-Card-761953371
Katie SuperSonics NBA 2K18 Card,101,8,https://www.deviantart.com/gordon003/art/Katie-SuperSonics-NBA-2K18-Card-761803565
Izzy Celtic NBA 2K18 Card (Art Trade),127,18,https://www.deviantart.com/gordon003/art/Izzy-Celtic-NBA-2K18-Card-Art-Trade-761663306
Dawn sleeping in hotel (Commission),74,11,https://www.deviantart.com/gordon003/art/Dawn-sleeping-in-hotel-Commission-761064018
Emma + Carrie Sunset Drive (Commission),83,12,https://www.deviantart.com/gordon003/art/Emma-Carrie-Sunset-Drive-Commission-755504515
My Response to a certain user,13,30,https://www.deviantart.com/gordon003/art/My-Response-to-a-certain-user-754941806
My Top 10 Hottest TD Girls,30,9,https://www.deviantart.com/gordon003/art/My-Top-10-Hottest-TD-Girls-754781327
Fear Factor Challenge 2 (Commission),59,30,https://www.deviantart.com/gordon003/art/Fear-Factor-Challenge-2-Commission-754780370
Lindsay + Dawn falling while sleeping (Commission),84,19,https://www.deviantart.com/gordon003/art/Lindsay-Dawn-falling-while-sleeping-Commission-754138685
TDROTI Beach Babes,193,15,https://www.deviantart.com/gordon003/art/TDROTI-Beach-Babes-753336982
Sleeping Zoey (Vector),170,7,https://www.deviantart.com/gordon003/art/Sleeping-Zoey-Vector-753193769
Gordon003 Commission Info (Updated),56,41,https://www.deviantart.com/gordon003/art/Gordon003-Commission-Info-Updated-753028391
TDI Beach Babes (Sequel),342,18,https://www.deviantart.com/gordon003/art/TDI-Beach-Babes-Sequel-752879207
Carrie Driving (Commission),65,17,https://www.deviantart.com/gordon003/art/Carrie-Driving-Commission-752227897
Mazda MX-5 Miata RF (Vector),19,2,https://www.deviantart.com/gordon003/art/Mazda-MX-5-Miata-RF-Vector-752195738
TD Iron Giant Coffee Scene (Commission),48,11,https://www.deviantart.com/gordon003/art/TD-Iron-Giant-Coffee-Scene-Commission-751914550
Gordon V4,26,6,https://www.deviantart.com/gordon003/art/Gordon-V4-751592246
Laurie Beach Day,67,6,https://www.deviantart.com/gordon003/art/Laurie-Beach-Day-750816195
Zoey Beach Day (Commission),106,13,https://www.deviantart.com/gordon003/art/Zoey-Beach-Day-Commission-750302760
Carrie Bikini Back Pose (Vector),139,11,https://www.deviantart.com/gordon003/art/Carrie-Bikini-Back-Pose-Vector-749095999
Carrie Beach Pose (Commission),123,15,https://www.deviantart.com/gordon003/art/Carrie-Beach-Pose-Commission-749093395
TD Bugatti Veyron (Vector),36,9,https://www.deviantart.com/gordon003/art/TD-Bugatti-Veyron-Vector-748635584
TD Chevrolet Silverado (Comm. + Vector),29,3,https://www.deviantart.com/gordon003/art/TD-Chevrolet-Silverado-Comm-Vector-747988892
Gwen + Cameron Superhero at Night (Overdue comm),110,27,https://www.deviantart.com/gordon003/art/Gwen-Cameron-Superhero-at-Night-Overdue-comm-747831171
Ella Formal Dress (#8),79,11,https://www.deviantart.com/gordon003/art/Ella-Formal-Dress-8-747781378
Heather Beach Photoshoot,116,13,https://www.deviantart.com/gordon003/art/Heather-Beach-Photoshoot-745492969
Sky 76ers - Trust the Process! (Vector),92,13,https://www.deviantart.com/gordon003/art/Sky-76ers-Trust-the-Process-Vector-743399655
Carrie Hot Pose (Vector),121,19,https://www.deviantart.com/gordon003/art/Carrie-Hot-Pose-Vector-742341984
Ana - Music Listener (OC),32,7,https://www.deviantart.com/gordon003/art/Ana-Music-Listener-OC-742197244
My Response to a certain user,24,20,https://www.deviantart.com/gordon003/art/My-Response-to-a-certain-user-739837459
Jen Bikini Night Out,118,10,https://www.deviantart.com/gordon003/art/Jen-Bikini-Night-Out-739094404
Jen Formal Night Out,92,9,https://www.deviantart.com/gordon003/art/Jen-Formal-Night-Out-739084976
Scarlett Chrsyler Turbine Car (Commission),45,5,https://www.deviantart.com/gordon003/art/Scarlett-Chrsyler-Turbine-Car-Commission-737790986
Kitty Sitting Pose (Vector),142,8,https://www.deviantart.com/gordon003/art/Kitty-Sitting-Pose-Vector-737790748
Dawn Sitting (Vector),156,7,https://www.deviantart.com/gordon003/art/Dawn-Sitting-Vector-737790587
Emily Sitting (Vector),64,6,https://www.deviantart.com/gordon003/art/Emily-Sitting-Vector-737790344
Emily Oldsmobile Cutlass 4-4-2 (Commission),44,6,https://www.deviantart.com/gordon003/art/Emily-Oldsmobile-Cutlass-4-4-2-Commission-736824509
TD Oldsmobile Cutlass 4-4-2 (Vector),16,5,https://www.deviantart.com/gordon003/art/TD-Oldsmobile-Cutlass-4-4-2-Vector-736688117
Devin BMW 4 Series Convertible (Commission),35,5,https://www.deviantart.com/gordon003/art/Devin-BMW-4-Series-Convertible-Commission-736069507
TD BMW 4 Series Convertible (Vector),24,2,https://www.deviantart.com/gordon003/art/TD-BMW-4-Series-Convertible-Vector-735899897
Dawn Delorean DMC-12 (Commission),91,12,https://www.deviantart.com/gordon003/art/Dawn-Delorean-DMC-12-Commission-733672870
Kitty Toyota 86,87,15,https://www.deviantart.com/gordon003/art/Kitty-Toyota-86-733512657
TD Toyota 86 (Vector),34,5,https://www.deviantart.com/gordon003/art/TD-Toyota-86-Vector-733359636
Dakota Lamborghini Huracan,122,17,https://www.deviantart.com/gordon003/art/Dakota-Lamborghini-Huracan-733058142
Beach Friend Drink (Commission),104,13,https://www.deviantart.com/gordon003/art/Beach-Friend-Drink-Commission-732905088
TD Lamborghini Huracan (Vector),33,7,https://www.deviantart.com/gordon003/art/TD-Lamborghini-Huracan-Vector-732375224
Andrea Martins OC 2 (Commission),33,12,https://www.deviantart.com/gordon003/art/Andrea-Martins-OC-2-Commission-732182244
TD Plymouth Fury (Comm. + Vector),41,8,https://www.deviantart.com/gordon003/art/TD-Plymouth-Fury-Comm-Vector-732063154
Heather vs Kitty (Commission),64,12,https://www.deviantart.com/gordon003/art/Heather-vs-Kitty-Commission-731719011
Dakota + Topher: I don't know what to do... (Comm),43,6,https://www.deviantart.com/gordon003/art/Dakota-Topher-I-don-t-know-what-to-do-Comm-731512230
CxD: You Belong to Me,92,30,https://www.deviantart.com/gordon003/art/CxD-You-Belong-to-Me-730483033
Courtney + Gwen Comedy Trouble (Commission),72,34,https://www.deviantart.com/gordon003/art/Courtney-Gwen-Comedy-Trouble-Commission-729964087
Devin + Trent Rap Group (Commission),48,15,https://www.deviantart.com/gordon003/art/Devin-Trent-Rap-Group-Commission-729490036
Contest Entry: Scottie,29,11,https://www.deviantart.com/gordon003/art/Contest-Entry-Scottie-726205701
Chris Cold Challenge (Commission),159,19,https://www.deviantart.com/gordon003/art/Chris-Cold-Challenge-Commission-725641989
Bridgette vs Trent Fear Factor Challenge (Comm),54,32,https://www.deviantart.com/gordon003/art/Bridgette-vs-Trent-Fear-Factor-Challenge-Comm-724833982
Crimson vs Dawn (Commission),98,17,https://www.deviantart.com/gordon003/art/Crimson-vs-Dawn-Commission-724300041
TD Winter Night Out (Commission),129,28,https://www.deviantart.com/gordon003/art/TD-Winter-Night-Out-Commission-723338806
TD Delorean DMC-12 (Comm + Vector),36,12,https://www.deviantart.com/gordon003/art/TD-Delorean-DMC-12-Comm-Vector-723061735
Kitty Formal Dress (#7) - Maserati Version,56,3,https://www.deviantart.com/gordon003/art/Kitty-Formal-Dress-7-Maserati-Version-722582814
TD Maserati Quattroporte (Vector),29,10,https://www.deviantart.com/gordon003/art/TD-Maserati-Quattroporte-Vector-722515936
Kitty Swimsuit (Vector),114,7,https://www.deviantart.com/gordon003/art/Kitty-Swimsuit-Vector-722388359
Kitty Formal Dress (#7) - Limo Version,77,26,https://www.deviantart.com/gordon003/art/Kitty-Formal-Dress-7-Limo-Version-722303127
Total Drama Limo 1 (Vector),36,8,https://www.deviantart.com/gordon003/art/Total-Drama-Limo-1-Vector-722149736
Zoey x Mike 2 (Vector),121,9,https://www.deviantart.com/gordon003/art/Zoey-x-Mike-2-Vector-721852953
Zoey x Mike 1 (Vector),98,11,https://www.deviantart.com/gordon003/art/Zoey-x-Mike-1-Vector-721843560
Gordon's 2017 Art Summary,12,4,https://www.deviantart.com/gordon003/art/Gordon-s-2017-Art-Summary-721812523
Courtney in Zoey Outfit 2 (Comm + Vector),143,17,https://www.deviantart.com/gordon003/art/Courtney-in-Zoey-Outfit-2-Comm-Vector-721689881
Courtney in Zoey Outfit (Comm + Vector),111,30,https://www.deviantart.com/gordon003/art/Courtney-in-Zoey-Outfit-Comm-Vector-721656343
Blaineley vs Ellody (Commission),71,25,https://www.deviantart.com/gordon003/art/Blaineley-vs-Ellody-Commission-721589409
Rachael - Athletic Beauty (OC),50,19,https://www.deviantart.com/gordon003/art/Rachael-Athletic-Beauty-OC-720824716
Devin + Ennui Hugging (Commission),21,8,https://www.deviantart.com/gordon003/art/Devin-Ennui-Hugging-Commission-720417597
Dawn Swimsuit (Vector),205,21,https://www.deviantart.com/gordon003/art/Dawn-Swimsuit-Vector-720136848
Dawn Formal Dress (#6),108,32,https://www.deviantart.com/gordon003/art/Dawn-Formal-Dress-6-720029073
Bridgette Swimsuit Back view (Vector),195,30,https://www.deviantart.com/gordon003/art/Bridgette-Swimsuit-Back-view-Vector-719693228
Courtney + Gwen Heroine Trouble (Commission),66,14,https://www.deviantart.com/gordon003/art/Courtney-Gwen-Heroine-Trouble-Commission-719661841
Bridgette vs Kitty (Commission),69,24,https://www.deviantart.com/gordon003/art/Bridgette-vs-Kitty-Commission-719195970
Andrea Martins OC (Commission),30,11,https://www.deviantart.com/gordon003/art/Andrea-Martins-OC-Commission-718342051
Total Drama Background 5,23,2,https://www.deviantart.com/gordon003/art/Total-Drama-Background-5-717625700
Carrie x Devin Autumn (Commission),71,27,https://www.deviantart.com/gordon003/art/Carrie-x-Devin-Autumn-Commission-717544600
Jasmine Swimsuit (Vector),160,9,https://www.deviantart.com/gordon003/art/Jasmine-Swimsuit-Vector-716854765
Crimson Swimsuit (Vector),111,5,https://www.deviantart.com/gordon003/art/Crimson-Swimsuit-Vector-716846366
Josee Swimsuit (Vector),43,9,https://www.deviantart.com/gordon003/art/Josee-Swimsuit-Vector-716832813
Josee Formal Dress (#5),42,17,https://www.deviantart.com/gordon003/art/Josee-Formal-Dress-5-716770768
Luna in Japanese School Costume (Commission),22,6,https://www.deviantart.com/gordon003/art/Luna-in-Japanese-School-Costume-Commission-716520342
Devin + Paul (Commission + Vector),27,2,https://www.deviantart.com/gordon003/art/Devin-Paul-Commission-Vector-716426000
Ennui Doing Weights Up (Commission),24,3,https://www.deviantart.com/gordon003/art/Ennui-Doing-Weights-Up-Commission-716333296
Crimson Formal Dress (#4),132,26,https://www.deviantart.com/gordon003/art/Crimson-Formal-Dress-4-715507125
Dawn in Swimsuit (Commission),83,23,https://www.deviantart.com/gordon003/art/Dawn-in-Swimsuit-Commission-715451248
TD Basketball Couple: Anne Maria + Lightning (Com),55,21,https://www.deviantart.com/gordon003/art/TD-Basketball-Couple-Anne-Maria-Lightning-Com-713154964
Carrie x Devin Formal Kiss (Vector),49,7,https://www.deviantart.com/gordon003/art/Carrie-x-Devin-Formal-Kiss-Vector-712174990
TD Horror Prom (Halloween Special),67,29,https://www.deviantart.com/gordon003/art/TD-Horror-Prom-Halloween-Special-712103250
Jasmine Formal Dress (#3),100,14,https://www.deviantart.com/gordon003/art/Jasmine-Formal-Dress-3-711777061
Male Beach Party (Commission),25,7,https://www.deviantart.com/gordon003/art/Male-Beach-Party-Commission-711598003
Emma Swimsuit (Vector),180,17,https://www.deviantart.com/gordon003/art/Emma-Swimsuit-Vector-710249161
Emma Formal Dress (#2),117,32,https://www.deviantart.com/gordon003/art/Emma-Formal-Dress-2-710094561
Anne Maria Cheetah Swimsuit (Vector),90,14,https://www.deviantart.com/gordon003/art/Anne-Maria-Cheetah-Swimsuit-Vector-708440505
Anne Maria Formal Dress (#1),84,28,https://www.deviantart.com/gordon003/art/Anne-Maria-Formal-Dress-1-708079351
Gwen as Elvira,161,24,https://www.deviantart.com/gordon003/art/Gwen-as-Elvira-706978157
Sky Olympic Swimsuit (Vector),152,29,https://www.deviantart.com/gordon003/art/Sky-Olympic-Swimsuit-Vector-706805340
Carrie + Zoey in Beach (Comm + NSFW available),162,30,https://www.deviantart.com/gordon003/art/Carrie-Zoey-in-Beach-Comm-NSFW-available-706477372
Duncan Pose 1,18,2,https://www.deviantart.com/gordon003/art/Duncan-Pose-1-706117163
Zoey Hot Pose 1 (Vector),207,28,https://www.deviantart.com/gordon003/art/Zoey-Hot-Pose-1-Vector-705767899
Carrie Hot Pose 1 (Vector),87,20,https://www.deviantart.com/gordon003/art/Carrie-Hot-Pose-1-Vector-704939768
TD Summer Kitty in Bikini (Vector),94,2,https://www.deviantart.com/gordon003/art/TD-Summer-Kitty-in-Bikini-Vector-700788040
TD Summer Bridgette in Bikini (Vector),143,10,https://www.deviantart.com/gordon003/art/TD-Summer-Bridgette-in-Bikini-Vector-700787593
TD Summer Courtney in Bikini (Vector),109,6,https://www.deviantart.com/gordon003/art/TD-Summer-Courtney-in-Bikini-Vector-700787101
TD Summer Jen in Bikini (Vector),59,2,https://www.deviantart.com/gordon003/art/TD-Summer-Jen-in-Bikini-Vector-700785151
TD Beach Babes,147,37,https://www.deviantart.com/gordon003/art/TD-Beach-Babes-700777539
TD Summer Carrie in Bikini (Vector),105,23,https://www.deviantart.com/gordon003/art/TD-Summer-Carrie-in-Bikini-Vector-699253761
Total Drama Background 4,15,1,https://www.deviantart.com/gordon003/art/Total-Drama-Background-4-697755337
Bikini Zoey in Summer (My version),141,10,https://www.deviantart.com/gordon003/art/Bikini-Zoey-in-Summer-My-version-697557724
Dress Zoey in Summer (Raffle Winner),103,13,https://www.deviantart.com/gordon003/art/Dress-Zoey-in-Summer-Raffle-Winner-697557290
TD Zoey in Bikini (Vector),137,27,https://www.deviantart.com/gordon003/art/TD-Zoey-in-Bikini-Vector-697342594
Daisy OC (Commission),16,9,https://www.deviantart.com/gordon003/art/Daisy-OC-Commission-696121302
TD Basketball Poster (Request),69,36,https://www.deviantart.com/gordon003/art/TD-Basketball-Poster-Request-692800019
TD Basketball: Dakota,67,20,https://www.deviantart.com/gordon003/art/TD-Basketball-Dakota-692388523
TD Basketball Couple: Carrie x Devin,73,35,https://www.deviantart.com/gordon003/art/TD-Basketball-Couple-Carrie-x-Devin-691866227
Sky as Crysta (Birthday Present),114,37,https://www.deviantart.com/gordon003/art/Sky-as-Crysta-Birthday-Present-690818133
Dakota in Summer Beach,123,27,https://www.deviantart.com/gordon003/art/Dakota-in-Summer-Beach-690633462
Lindsay in Summer Beach,73,29,https://www.deviantart.com/gordon003/art/Lindsay-in-Summer-Beach-689134520
Lindsay Summer Pose,144,24,https://www.deviantart.com/gordon003/art/Lindsay-Summer-Pose-689019559
Nancy X Jacques Prom Dance (Request),10,24,https://www.deviantart.com/gordon003/art/Nancy-X-Jacques-Prom-Dance-Request-688783104
Chris as Damaged Iron Man (Commission),26,11,https://www.deviantart.com/gordon003/art/Chris-as-Damaged-Iron-Man-Commission-688576252
Dawn The Nature Protector,57,19,https://www.deviantart.com/gordon003/art/Dawn-The-Nature-Protector-687743538
Dawn Snow Queen Archer (Revised),58,11,https://www.deviantart.com/gordon003/art/Dawn-Snow-Queen-Archer-Revised-686984976
Japanese Kitty,41,4,https://www.deviantart.com/gordon003/art/Japanese-Kitty-686022863
Kitty vs Carrie Japanese Fight,61,26,https://www.deviantart.com/gordon003/art/Kitty-vs-Carrie-Japanese-Fight-686020842
Japanese Carrie,64,13,https://www.deviantart.com/gordon003/art/Japanese-Carrie-685778510
Kitty as Harley Quinn,55,18,https://www.deviantart.com/gordon003/art/Kitty-as-Harley-Quinn-683610816
TD Stephanie as Storm,45,17,https://www.deviantart.com/gordon003/art/TD-Stephanie-as-Storm-680163334
How not to use portal gun! (1st Animation),6,4,https://www.deviantart.com/gordon003/art/How-not-to-use-portal-gun-1st-Animation-679625088
Scott And Allie Marriage,8,4,https://www.deviantart.com/gordon003/art/Scott-And-Allie-Marriage-677925145
TD Junior Detective,31,13,https://www.deviantart.com/gordon003/art/TD-Junior-Detective-675542796
Lindsay Wonder Woman Movie Poster,77,34,https://www.deviantart.com/gordon003/art/Lindsay-Wonder-Woman-Movie-Poster-670221120
How I respond to haters in DV,9,2,https://www.deviantart.com/gordon003/art/How-I-respond-to-haters-in-DV-668736623
Total Drama Background 2,12,3,https://www.deviantart.com/gordon003/art/Total-Drama-Background-2-668421010
Allie Promo Picture TDI,15,9,https://www.deviantart.com/gordon003/art/Allie-Promo-Picture-TDI-668317301
Total Drama Background3,8,0,https://www.deviantart.com/gordon003/art/Total-Drama-Background3-666046614
The Fake Betrayal of Love,21,11,https://www.deviantart.com/gordon003/art/The-Fake-Betrayal-of-Love-665842283
Chef Hatchet dancing with Leshawna,10,6,https://www.deviantart.com/gordon003/art/Chef-Hatchet-dancing-with-Leshawna-664252594
Rock x Taylor Valentine in Paris (Late!),20,6,https://www.deviantart.com/gordon003/art/Rock-x-Taylor-Valentine-in-Paris-Late-663696024
Baby-showering Party with Blaineley,31,29,https://www.deviantart.com/gordon003/art/Baby-showering-Party-with-Blaineley-662046699
Blaineley and Geoff Make Out in Celebrity Manhunt,13,7,https://www.deviantart.com/gordon003/art/Blaineley-and-Geoff-Make-Out-in-Celebrity-Manhunt-658114782
Beach Wedding Party with Blaineley and Geoff,52,20,https://www.deviantart.com/gordon003/art/Beach-Wedding-Party-with-Blaineley-and-Geoff-657528221
Blaineley Geoff Beach Wedding,18,4,https://www.deviantart.com/gordon003/art/Blaineley-Geoff-Beach-Wedding-655730344
Total Drama Background 1,8,0,https://www.deviantart.com/gordon003/art/Total-Drama-Background-1-655228407
Gordon's 2016 Summary of Art (Monthly),4,3,https://www.deviantart.com/gordon003/art/Gordon-s-2016-Summary-of-Art-Monthly-655224818
Colour Courtney!,15,1,https://www.deviantart.com/gordon003/art/Colour-Courtney-654239606
Blaineley Geoff Wedding Card,14,4,https://www.deviantart.com/gordon003/art/Blaineley-Geoff-Wedding-Card-653774198
Interviewed By Blaineley,53,5,https://www.deviantart.com/gordon003/art/Interviewed-By-Blaineley-653418693
My Digital Art History (2016) 1st,3,7,https://www.deviantart.com/gordon003/art/My-Digital-Art-History-2016-1st-651670969
Blaineley and Geoff Tango Dance (Art Trade),13,4,https://www.deviantart.com/gordon003/art/Blaineley-and-Geoff-Tango-Dance-Art-Trade-650040538
Blaineley and Geoff in awe (Art Trade),9,7,https://www.deviantart.com/gordon003/art/Blaineley-and-Geoff-in-awe-Art-Trade-648960225
The Rise of Blaineley,61,6,https://www.deviantart.com/gordon003/art/The-Rise-of-Blaineley-648627150
Blaineley in Jessica Rabbit Pose,67,5,https://www.deviantart.com/gordon003/art/Blaineley-in-Jessica-Rabbit-Pose-648626854
Gordon V3,2,1,https://www.deviantart.com/gordon003/art/Gordon-V3-648113838
My Ridonculous Race Team Ranking,8,13,https://www.deviantart.com/gordon003/art/My-Ridonculous-Race-Team-Ranking-645358124
Total Drama Draft Team Challenge Game,43,64,https://www.deviantart.com/gordon003/art/Total-Drama-Draft-Team-Challenge-Game-630575977
Courtney as my coaching teacher,6,10,https://www.deviantart.com/gordon003/art/Courtney-as-my-coaching-teacher-630035942
Hello? Are you alright?,12,8,https://www.deviantart.com/gordon003/art/Hello-Are-you-alright-629175932
Tango Dance by Caitlyn and Alejandro,10,5,https://www.deviantart.com/gordon003/art/Tango-Dance-by-Caitlyn-and-Alejandro-620770852
Sky in Brazilian Suit (Birthday Present),14,7,https://www.deviantart.com/gordon003/art/Sky-in-Brazilian-Suit-Birthday-Present-619925124
Gordon? Gordon? GOORRRDDDDOOONNN!!,8,23,https://www.deviantart.com/gordon003/art/Gordon-Gordon-GOORRRDDDDOOONNN-619716895
Trouble with my first commission,3,7,https://www.deviantart.com/gordon003/art/Trouble-with-my-first-commission-619289526
Blainerific! Total Drama,45,9,https://www.deviantart.com/gordon003/art/Blainerific-Total-Drama-617789407
Lindsay in Brazilian Costume,66,9,https://www.deviantart.com/gordon003/art/Lindsay-in-Brazilian-Costume-617582277
First TD OC I ever made!,4,15,https://www.deviantart.com/gordon003/art/First-TD-OC-I-ever-made-617168903
Me in Total Drama form (New Version),1,0,https://www.deviantart.com/gordon003/art/Me-in-Total-Drama-form-New-Version-616527136
Full version of Carrie's drawing of Devin (Part 2),30,5,https://www.deviantart.com/gordon003/art/Full-version-of-Carrie-s-drawing-of-Devin-Part-2-615287319
Carrie's drawing of Devin in colour (Part 1),13,13,https://www.deviantart.com/gordon003/art/Carrie-s-drawing-of-Devin-in-colour-Part-1-614847273
Quick Comment on each TD season,3,3,https://www.deviantart.com/gordon003/art/Quick-Comment-on-each-TD-season-610928324
Me in TD form (Re updated!),2,3,https://www.deviantart.com/gordon003/art/Me-in-TD-form-Re-updated-610316187
Carrie Kitty in TDI,53,18,https://www.deviantart.com/gordon003/art/Carrie-Kitty-in-TDI-609135644
TD Zoey - My view on Criticism and Praise on Zoey,2,12,https://www.deviantart.com/gordon003/art/TD-Zoey-My-view-on-Criticism-and-Praise-on-Zoey-608724613
Total Drama Courtney - Over Hated or not?,10,90,https://www.deviantart.com/gordon003/art/Total-Drama-Courtney-Over-Hated-or-not-606971193
Top 8 Total Drama characters with CRAP partner,7,35,https://www.deviantart.com/gordon003/art/Top-8-Total-Drama-characters-with-CRAP-partner-606086652
TD Lindsay as Wonder Woman,38,10,https://www.deviantart.com/gordon003/art/TD-Lindsay-as-Wonder-Woman-604954302
TD Courtney as Human Cricket,45,4,https://www.deviantart.com/gordon003/art/TD-Courtney-as-Human-Cricket-603772358
TDRR Clean version of Carrie  Devin kiss,52,22,https://www.deviantart.com/gordon003/art/TDRR-Clean-version-of-Carrie-Devin-kiss-603531331
My Top 5 Carrie Moment (Total Drama),29,14,https://www.deviantart.com/gordon003/art/My-Top-5-Carrie-Moment-Total-Drama-596943577
Carrie in TDRR,33,3,https://www.deviantart.com/gordon003/art/Carrie-in-TDRR-595371141
Colour version of my previous Total Drama sketch,7,3,https://www.deviantart.com/gordon003/art/Colour-version-of-my-previous-Total-Drama-sketch-594683121
Owen in Total Drama,3,3,https://www.deviantart.com/gordon003/art/Owen-in-Total-Drama-594450653
Bridgette from Total Drama - Sketch,2,0,https://www.deviantart.com/gordon003/art/Bridgette-from-Total-Drama-Sketch-594175499
